-- phpMyAdmin SQL Dump
-- version 4.7.0
-- https://www.phpmyadmin.net/
--
-- Host: 127.0.0.1
-- Generation Time: Jan 07, 2019 at 11:40 AM
-- Server version: 10.1.26-MariaDB
-- PHP Version: 7.1.8

SET SQL_MODE = "NO_AUTO_VALUE_ON_ZERO";
SET AUTOCOMMIT = 0;
START TRANSACTION;
SET time_zone = "+00:00";


/*!40101 SET @OLD_CHARACTER_SET_CLIENT=@@CHARACTER_SET_CLIENT */;
/*!40101 SET @OLD_CHARACTER_SET_RESULTS=@@CHARACTER_SET_RESULTS */;
/*!40101 SET @OLD_COLLATION_CONNECTION=@@COLLATION_CONNECTION */;
/*!40101 SET NAMES utf8mb4 */;

--
-- Database: `proftaak2`
--

-- --------------------------------------------------------

--
-- Table structure for table `attached-files`
--

CREATE TABLE `attached-files` (
  `id` int(11) NOT NULL,
  `pages` varchar(400) DEFAULT NULL,
  `versions_id` int(11) NOT NULL,
  `sourcev_id` int(11) NOT NULL
) ENGINE=InnoDB DEFAULT CHARSET=utf8;

--
-- Dumping data for table `attached-files`
--

INSERT INTO `attached-files` (`id`, `pages`, `versions_id`, `sourcev_id`) VALUES
(28, 'all', 122, 106),
(29, 'all', 123, 106),
(30, 'all', 123, 102),
(31, 'all', 123, 106),
(32, 'all', 124, 106),
(33, 'all', 124, 102),
(34, 'all', 124, 106),
(35, 'all', 124, 102),
(36, 'all', 124, 106),
(37, 'all', 124, 106),
(38, 'all', 125, 106),
(39, 'all', 125, 102),
(40, 'all', 125, 106),
(41, 'all', 125, 102),
(42, 'all', 125, 106),
(43, 'all', 125, 106),
(44, 'all', 125, 102),
(45, 'all', 125, 106),
(46, 'all', 126, 106),
(47, 'all', 126, 102),
(48, 'all', 126, 106),
(49, 'all', 126, 102),
(50, 'all', 126, 106),
(51, 'all', 126, 106),
(52, 'all', 126, 102),
(53, 'all', 126, 106),
(54, 'all', 126, 102),
(55, 'all', 127, 106),
(56, 'all', 127, 102),
(57, 'all', 127, 106),
(58, 'all', 127, 102),
(59, 'all', 127, 106),
(60, 'all', 127, 106),
(61, 'all', 127, 102),
(62, 'all', 127, 106),
(63, 'all', 127, 102),
(64, 'all', 127, 102),
(65, 'all', 127, 102),
(66, 'all', 127, 106),
(67, 'all', 129, 102),
(68, 'all', 129, 128),
(69, 'all', 130, 128),
(70, 'all', 130, 102),
(71, 'all', 131, 128),
(72, 'all', 131, 102),
(73, 'all', 131, 128),
(74, 'all', 131, 102),
(75, 'all', 132, 128),
(76, 'all', 132, 102),
(77, 'all', 132, 128),
(78, 'all', 132, 102),
(79, 'all', 132, 128),
(80, 'all', 132, 102),
(81, 'all', 133, 128),
(82, 'all', 133, 102),
(83, 'all', 133, 128),
(84, 'all', 133, 102),
(85, 'all', 133, 128),
(86, 'all', 133, 102),
(87, 'all', 133, 128),
(88, 'all', 133, 102),
(89, 'all', 133, 128),
(90, 'all', 133, 102),
(91, 'all', 134, 128),
(92, 'all', 134, 102),
(93, 'all', 134, 128),
(94, 'all', 134, 102),
(95, 'all', 134, 128),
(96, 'all', 134, 102),
(97, 'all', 134, 128),
(98, 'all', 134, 102),
(99, 'all', 134, 128),
(100, 'all', 134, 102),
(101, 'all', 135, 128),
(102, 'all', 135, 102),
(103, 'all', 135, 128),
(104, 'all', 135, 102),
(105, 'all', 135, 128),
(106, 'all', 135, 102),
(107, 'all', 135, 128),
(108, 'all', 135, 102),
(109, 'all', 135, 128),
(110, 'all', 135, 102),
(111, 'all', 135, 128),
(112, 'all', 135, 102),
(113, 'all', 135, 128),
(114, 'all', 135, 102),
(115, 'all', 135, 128),
(116, 'all', 135, 102),
(117, 'all', 135, 128),
(118, 'all', 135, 102),
(119, 'all', 135, 128),
(120, 'all', 135, 102),
(121, 'all', 135, 128),
(122, 'all', 135, 102),
(123, 'all', 135, 128),
(124, 'all', 135, 102),
(125, 'all', 136, 128),
(126, 'all', 136, 102),
(127, 'all', 136, 128),
(128, 'all', 136, 102),
(129, 'all', 136, 128),
(130, 'all', 136, 102),
(131, 'all', 136, 128),
(132, 'all', 136, 102),
(133, 'all', 136, 128),
(134, 'all', 136, 102),
(135, 'all', 136, 128),
(136, 'all', 136, 102),
(137, 'all', 136, 128),
(138, 'all', 136, 102),
(139, 'all', 136, 128),
(140, 'all', 136, 102),
(141, 'all', 136, 128),
(142, 'all', 136, 102),
(143, 'all', 136, 128),
(144, 'all', 136, 102),
(145, 'all', 136, 128),
(146, 'all', 136, 102),
(147, 'all', 136, 128),
(148, 'all', 136, 102),
(149, 'all', 137, 128),
(150, 'all', 137, 102),
(151, 'all', 137, 128),
(152, 'all', 137, 102),
(153, 'all', 137, 128),
(154, 'all', 137, 102),
(155, 'all', 137, 128),
(156, 'all', 137, 102),
(157, 'all', 137, 128),
(158, 'all', 137, 102),
(159, 'all', 137, 128),
(160, 'all', 137, 102),
(161, 'all', 137, 128),
(162, 'all', 137, 102),
(163, 'all', 137, 128),
(164, 'all', 137, 102),
(165, 'all', 137, 128),
(166, 'all', 137, 102),
(167, 'all', 137, 128),
(168, 'all', 137, 102),
(169, 'all', 137, 128),
(170, 'all', 137, 102),
(171, 'all', 137, 128),
(172, 'all', 137, 102),
(197, 'all', 139, 128),
(198, 'all', 139, 102),
(199, 'all', 139, 128),
(200, 'all', 139, 102),
(201, 'all', 139, 128),
(202, 'all', 139, 102),
(203, 'all', 139, 128),
(204, 'all', 139, 102),
(205, 'all', 139, 128),
(206, 'all', 139, 102),
(207, 'all', 139, 128),
(208, 'all', 139, 102),
(209, 'all', 139, 128),
(210, 'all', 139, 102),
(211, 'all', 139, 128),
(212, 'all', 139, 102),
(213, 'all', 139, 128),
(214, 'all', 139, 102),
(215, 'all', 139, 128),
(216, 'all', 139, 102),
(217, 'all', 139, 128),
(218, 'all', 139, 102),
(219, 'all', 139, 128),
(220, 'all', 139, 102),
(221, 'all', 140, 128),
(222, 'all', 140, 102),
(223, 'all', 140, 128),
(224, 'all', 140, 102),
(225, 'all', 140, 128),
(226, 'all', 140, 102),
(227, 'all', 140, 128),
(228, 'all', 140, 102),
(229, 'all', 140, 128),
(230, 'all', 140, 102),
(231, 'all', 140, 128),
(232, 'all', 140, 102),
(233, 'all', 140, 128),
(234, 'all', 140, 102),
(235, 'all', 140, 128),
(236, 'all', 140, 102),
(237, 'all', 140, 128),
(238, 'all', 140, 102),
(239, 'all', 140, 128),
(240, 'all', 140, 102),
(241, 'all', 140, 128),
(242, 'all', 140, 102),
(243, 'all', 140, 128),
(244, 'all', 140, 102),
(245, 'all', 141, 128),
(246, 'all', 141, 102),
(247, 'all', 141, 128),
(248, 'all', 141, 102),
(249, 'all', 141, 128),
(250, 'all', 141, 102),
(251, 'all', 141, 128),
(252, 'all', 141, 102),
(253, 'all', 141, 128),
(254, 'all', 141, 102),
(255, 'all', 141, 128),
(256, 'all', 141, 102),
(257, 'all', 141, 128),
(258, 'all', 141, 102),
(259, 'all', 141, 128),
(260, 'all', 141, 102),
(261, 'all', 141, 128),
(262, 'all', 141, 102),
(263, 'all', 141, 128),
(264, 'all', 141, 102),
(265, 'all', 141, 128),
(266, 'all', 141, 102),
(267, 'all', 141, 128),
(268, 'all', 141, 102),
(269, 'all', 141, 128),
(270, 'all', 141, 102),
(271, 'all', 141, 128),
(272, 'all', 141, 102),
(273, 'all', 141, 128),
(274, 'all', 141, 102),
(275, 'all', 141, 128),
(276, 'all', 141, 102),
(277, 'all', 141, 128),
(278, 'all', 141, 102),
(279, 'all', 141, 128),
(280, 'all', 141, 102),
(281, 'all', 141, 128),
(282, 'all', 141, 102),
(283, 'all', 141, 128),
(284, 'all', 141, 102),
(285, 'all', 141, 128),
(286, 'all', 141, 102),
(287, 'all', 141, 128),
(288, 'all', 141, 102),
(289, 'all', 141, 128),
(290, 'all', 141, 102),
(291, 'all', 141, 128),
(292, 'all', 141, 102),
(293, 'all', 141, 128),
(294, 'all', 141, 102),
(295, 'all', 141, 128),
(296, 'all', 141, 102),
(297, 'all', 141, 128),
(298, 'all', 141, 102),
(299, 'all', 141, 128),
(300, 'all', 141, 102),
(301, 'all', 141, 128),
(302, 'all', 141, 102),
(303, 'all', 141, 128),
(304, 'all', 141, 102),
(305, 'all', 141, 128),
(306, 'all', 141, 102),
(307, 'all', 141, 128),
(308, 'all', 141, 102),
(309, 'all', 141, 128),
(310, 'all', 141, 102),
(311, 'all', 141, 128),
(312, 'all', 141, 102),
(313, 'all', 141, 128),
(314, 'all', 141, 102),
(315, 'all', 141, 128),
(316, 'all', 141, 102),
(317, 'all', 141, 128),
(318, 'all', 141, 102),
(319, 'all', 141, 128),
(320, 'all', 141, 102),
(321, 'all', 141, 128),
(322, 'all', 141, 102),
(323, 'all', 141, 128),
(324, 'all', 141, 102),
(325, 'all', 142, 128),
(326, 'all', 142, 102),
(327, 'all', 142, 128),
(328, 'all', 142, 102),
(329, 'all', 142, 128),
(330, 'all', 142, 102),
(331, 'all', 142, 128),
(332, 'all', 142, 102),
(333, 'all', 142, 128),
(334, 'all', 142, 102),
(335, 'all', 142, 128),
(336, 'all', 142, 102),
(337, 'all', 142, 128),
(338, 'all', 142, 102),
(339, 'all', 142, 128),
(340, 'all', 142, 102),
(341, 'all', 142, 128),
(342, 'all', 142, 102),
(343, 'all', 142, 128),
(344, 'all', 142, 102),
(345, 'all', 142, 128),
(346, 'all', 142, 102),
(347, 'all', 142, 128),
(348, 'all', 142, 102),
(349, 'all', 142, 128),
(350, 'all', 142, 102),
(351, 'all', 142, 128),
(352, 'all', 142, 102),
(353, 'all', 142, 128),
(354, 'all', 142, 102),
(355, 'all', 142, 128),
(356, 'all', 142, 102),
(357, 'all', 142, 128),
(358, 'all', 142, 102),
(359, 'all', 142, 128),
(360, 'all', 142, 102),
(361, 'all', 142, 128),
(362, 'all', 142, 102),
(363, 'all', 142, 128),
(364, 'all', 142, 102),
(365, 'all', 142, 128),
(366, 'all', 142, 102),
(367, 'all', 142, 128),
(368, 'all', 142, 102),
(369, 'all', 142, 128),
(370, 'all', 142, 102),
(371, 'all', 142, 128),
(372, 'all', 142, 102),
(373, 'all', 142, 128),
(374, 'all', 142, 102),
(375, 'all', 142, 128),
(376, 'all', 142, 102),
(377, 'all', 142, 128),
(378, 'all', 142, 102),
(379, 'all', 142, 128),
(380, 'all', 142, 102),
(381, 'all', 142, 128),
(382, 'all', 142, 102),
(383, 'all', 142, 128),
(384, 'all', 142, 102),
(385, 'all', 142, 128),
(386, 'all', 142, 102),
(387, 'all', 142, 128),
(388, 'all', 142, 102),
(389, 'all', 142, 128),
(390, 'all', 142, 102),
(391, 'all', 142, 128),
(392, 'all', 142, 102),
(393, 'all', 142, 128),
(394, 'all', 142, 102),
(395, 'all', 142, 128),
(396, 'all', 142, 102),
(397, 'all', 142, 128),
(398, 'all', 142, 102),
(399, 'all', 142, 128),
(400, 'all', 142, 102),
(401, 'all', 142, 128),
(402, 'all', 142, 102),
(403, 'all', 142, 128),
(404, 'all', 142, 102),
(405, 'all', 143, 128),
(406, 'all', 143, 102),
(407, 'all', 143, 128),
(408, 'all', 143, 102),
(409, 'all', 143, 128),
(410, 'all', 143, 102),
(411, 'all', 143, 128),
(412, 'all', 143, 102),
(413, 'all', 143, 128),
(414, 'all', 143, 102),
(415, 'all', 143, 128),
(416, 'all', 143, 102),
(417, 'all', 143, 128),
(418, 'all', 143, 102),
(419, 'all', 143, 128),
(420, 'all', 143, 102),
(421, 'all', 143, 128),
(422, 'all', 143, 102),
(423, 'all', 143, 128),
(424, 'all', 143, 102),
(425, 'all', 143, 128),
(426, 'all', 143, 102),
(427, 'all', 143, 128),
(428, 'all', 143, 102),
(429, 'all', 143, 128),
(430, 'all', 143, 102),
(431, 'all', 143, 128),
(432, 'all', 143, 102),
(433, 'all', 143, 128),
(434, 'all', 143, 102),
(435, 'all', 143, 128),
(436, 'all', 143, 102),
(437, 'all', 143, 128),
(438, 'all', 143, 102),
(439, 'all', 143, 128),
(440, 'all', 143, 102),
(441, 'all', 143, 128),
(442, 'all', 143, 102),
(443, 'all', 143, 128),
(444, 'all', 143, 102),
(445, 'all', 143, 128),
(446, 'all', 143, 102),
(447, 'all', 143, 128),
(448, 'all', 143, 102),
(449, 'all', 143, 128),
(450, 'all', 143, 102),
(451, 'all', 143, 128),
(452, 'all', 143, 102),
(453, 'all', 143, 128),
(454, 'all', 143, 102),
(455, 'all', 143, 128),
(456, 'all', 143, 102),
(457, 'all', 143, 128),
(458, 'all', 143, 102),
(459, 'all', 143, 128),
(460, 'all', 143, 102),
(461, 'all', 143, 128),
(462, 'all', 143, 102),
(463, 'all', 143, 128),
(464, 'all', 143, 102),
(465, 'all', 143, 128),
(466, 'all', 143, 102),
(467, 'all', 143, 128),
(468, 'all', 143, 102),
(469, 'all', 143, 128),
(470, 'all', 143, 102),
(471, 'all', 143, 128),
(472, 'all', 143, 102),
(473, 'all', 143, 128),
(474, 'all', 143, 102),
(475, 'all', 143, 128),
(476, 'all', 143, 102),
(477, 'all', 143, 128),
(478, 'all', 143, 102),
(479, 'all', 143, 128),
(480, 'all', 143, 102),
(481, 'all', 143, 128),
(482, 'all', 143, 102),
(483, 'all', 143, 128),
(484, 'all', 143, 102),
(485, 'all', 144, 128),
(486, 'all', 144, 102),
(487, 'all', 144, 128),
(488, 'all', 144, 102),
(489, 'all', 144, 128),
(490, 'all', 144, 102),
(491, 'all', 144, 128),
(492, 'all', 144, 102),
(493, 'all', 144, 128),
(494, 'all', 144, 102),
(495, 'all', 144, 128),
(496, 'all', 144, 102),
(497, 'all', 144, 128),
(498, 'all', 144, 102),
(499, 'all', 144, 128),
(500, 'all', 144, 102),
(501, 'all', 144, 128),
(502, 'all', 144, 102),
(503, 'all', 144, 128),
(504, 'all', 144, 102),
(505, 'all', 144, 128),
(506, 'all', 144, 102),
(507, 'all', 144, 128),
(508, 'all', 144, 102),
(509, 'all', 144, 128),
(510, 'all', 144, 102),
(511, 'all', 144, 128),
(512, 'all', 144, 102),
(513, 'all', 144, 128),
(514, 'all', 144, 102),
(515, 'all', 144, 128),
(516, 'all', 144, 102),
(517, 'all', 144, 128),
(518, 'all', 144, 102),
(519, 'all', 144, 128),
(520, 'all', 144, 102),
(521, 'all', 144, 128),
(522, 'all', 144, 102),
(523, 'all', 144, 128),
(524, 'all', 144, 102),
(525, 'all', 144, 128),
(526, 'all', 144, 102),
(527, 'all', 144, 128),
(528, 'all', 144, 102),
(529, 'all', 144, 128),
(530, 'all', 144, 102),
(531, 'all', 144, 128),
(532, 'all', 144, 102),
(533, 'all', 144, 128),
(534, 'all', 144, 102),
(535, 'all', 144, 128),
(536, 'all', 144, 102),
(537, 'all', 144, 128),
(538, 'all', 144, 102),
(539, 'all', 144, 128),
(540, 'all', 144, 102),
(541, 'all', 144, 128),
(542, 'all', 144, 102),
(543, 'all', 144, 128),
(544, 'all', 144, 102),
(545, 'all', 144, 128),
(546, 'all', 144, 102),
(547, 'all', 144, 128),
(548, 'all', 144, 102),
(549, 'all', 144, 128),
(550, 'all', 144, 102),
(551, 'all', 144, 128),
(552, 'all', 144, 102),
(553, 'all', 144, 128),
(554, 'all', 144, 102),
(555, 'all', 144, 128),
(556, 'all', 144, 102),
(557, 'all', 144, 128),
(558, 'all', 144, 102),
(559, 'all', 144, 128),
(560, 'all', 144, 102),
(561, 'all', 144, 128),
(562, 'all', 144, 102),
(563, 'all', 144, 128),
(564, 'all', 144, 102),
(565, 'all', 145, 128),
(566, 'all', 145, 102),
(567, 'all', 145, 128),
(568, 'all', 145, 102),
(569, 'all', 145, 128),
(570, 'all', 145, 102),
(571, 'all', 145, 128),
(572, 'all', 145, 102),
(573, 'all', 145, 128),
(574, 'all', 145, 102),
(575, 'all', 145, 128),
(576, 'all', 145, 102),
(577, 'all', 145, 128),
(578, 'all', 145, 102),
(579, 'all', 145, 128),
(580, 'all', 145, 102),
(581, 'all', 145, 128),
(582, 'all', 145, 102),
(583, 'all', 145, 128),
(584, 'all', 145, 102),
(585, 'all', 145, 128),
(586, 'all', 145, 102),
(587, 'all', 145, 128),
(588, 'all', 145, 102),
(589, 'all', 145, 128),
(590, 'all', 145, 102),
(591, 'all', 145, 128),
(592, 'all', 145, 102),
(593, 'all', 145, 128),
(594, 'all', 145, 102),
(595, 'all', 145, 128),
(596, 'all', 145, 102),
(597, 'all', 145, 128),
(598, 'all', 145, 102),
(599, 'all', 145, 128),
(600, 'all', 145, 102),
(601, 'all', 145, 128),
(602, 'all', 145, 102),
(603, 'all', 145, 128),
(604, 'all', 145, 102),
(605, 'all', 145, 128),
(606, 'all', 145, 102),
(607, 'all', 145, 128),
(608, 'all', 145, 102),
(609, 'all', 145, 128),
(610, 'all', 145, 102),
(611, 'all', 145, 128),
(612, 'all', 145, 102),
(613, 'all', 145, 128),
(614, 'all', 145, 102),
(615, 'all', 145, 128),
(616, 'all', 145, 102),
(617, 'all', 145, 128),
(618, 'all', 145, 102),
(619, 'all', 145, 128),
(620, 'all', 145, 102),
(621, 'all', 145, 128),
(622, 'all', 145, 102),
(623, 'all', 145, 128),
(624, 'all', 145, 102),
(625, 'all', 145, 128),
(626, 'all', 145, 102),
(627, 'all', 145, 128),
(628, 'all', 145, 102),
(629, 'all', 145, 128),
(630, 'all', 145, 102),
(631, 'all', 145, 128),
(632, 'all', 145, 102),
(633, 'all', 145, 128),
(634, 'all', 145, 102),
(635, 'all', 145, 128),
(636, 'all', 145, 102),
(637, 'all', 145, 128),
(638, 'all', 145, 102),
(639, 'all', 145, 128),
(640, 'all', 145, 102),
(641, 'all', 145, 128),
(642, 'all', 145, 102),
(643, 'all', 145, 128),
(644, 'all', 145, 102),
(645, 'all', 146, 128),
(646, 'all', 146, 102),
(647, 'all', 146, 128),
(648, 'all', 146, 102),
(649, 'all', 146, 128),
(650, 'all', 146, 102),
(651, 'all', 146, 128),
(652, 'all', 146, 102),
(653, 'all', 146, 128),
(654, 'all', 146, 102),
(655, 'all', 146, 128),
(656, 'all', 146, 102),
(657, 'all', 146, 128),
(658, 'all', 146, 102),
(659, 'all', 146, 128),
(660, 'all', 146, 102),
(661, 'all', 146, 128),
(662, 'all', 146, 102),
(663, 'all', 146, 128),
(664, 'all', 146, 102),
(665, 'all', 146, 128),
(666, 'all', 146, 102),
(667, 'all', 146, 128),
(668, 'all', 146, 102),
(669, 'all', 146, 128),
(670, 'all', 146, 102),
(671, 'all', 146, 128),
(672, 'all', 146, 102),
(673, 'all', 146, 128),
(674, 'all', 146, 102),
(675, 'all', 146, 128),
(676, 'all', 146, 102),
(677, 'all', 146, 128),
(678, 'all', 146, 102),
(679, 'all', 146, 128),
(680, 'all', 146, 102),
(681, 'all', 146, 128),
(682, 'all', 146, 102),
(683, 'all', 146, 128),
(684, 'all', 146, 102),
(685, 'all', 146, 128),
(686, 'all', 146, 102),
(687, 'all', 146, 128),
(688, 'all', 146, 102),
(689, 'all', 146, 128),
(690, 'all', 146, 102),
(691, 'all', 146, 128),
(692, 'all', 146, 102),
(693, 'all', 146, 128),
(694, 'all', 146, 102),
(695, 'all', 146, 128),
(696, 'all', 146, 102),
(697, 'all', 146, 128),
(698, 'all', 146, 102),
(699, 'all', 146, 128),
(700, 'all', 146, 102),
(701, 'all', 146, 128),
(702, 'all', 146, 102),
(703, 'all', 146, 128),
(704, 'all', 146, 102),
(705, 'all', 146, 128),
(706, 'all', 146, 102),
(707, 'all', 146, 128),
(708, 'all', 146, 102),
(709, 'all', 146, 128),
(710, 'all', 146, 102),
(711, 'all', 146, 128),
(712, 'all', 146, 102),
(713, 'all', 146, 128),
(714, 'all', 146, 102),
(715, 'all', 146, 128),
(716, 'all', 146, 102),
(717, 'all', 146, 128),
(718, 'all', 146, 102),
(719, 'all', 146, 128),
(720, 'all', 146, 102),
(721, 'all', 146, 128),
(722, 'all', 146, 102),
(723, 'all', 146, 128),
(724, 'all', 146, 102),
(725, 'all', 147, 128),
(726, 'all', 147, 102),
(727, 'all', 147, 128),
(728, 'all', 147, 102),
(729, 'all', 147, 128),
(730, 'all', 147, 102),
(731, 'all', 147, 128),
(732, 'all', 147, 102),
(733, 'all', 147, 128),
(734, 'all', 147, 102),
(735, 'all', 147, 128),
(736, 'all', 147, 102),
(737, 'all', 147, 128),
(738, 'all', 147, 102),
(739, 'all', 147, 128),
(740, 'all', 147, 102),
(741, 'all', 147, 128),
(742, 'all', 147, 102),
(743, 'all', 147, 128),
(744, 'all', 147, 102),
(745, 'all', 147, 128),
(746, 'all', 147, 102),
(747, 'all', 147, 128),
(748, 'all', 147, 102),
(749, 'all', 147, 128),
(750, 'all', 147, 102),
(751, 'all', 147, 128),
(752, 'all', 147, 102),
(753, 'all', 147, 128),
(754, 'all', 147, 102),
(755, 'all', 147, 128),
(756, 'all', 147, 102),
(757, 'all', 147, 128),
(758, 'all', 147, 102),
(759, 'all', 147, 128),
(760, 'all', 147, 102),
(761, 'all', 147, 128),
(762, 'all', 147, 102),
(763, 'all', 147, 128),
(764, 'all', 147, 102),
(765, 'all', 147, 128),
(766, 'all', 147, 102),
(767, 'all', 147, 128),
(768, 'all', 147, 102),
(769, 'all', 147, 128),
(770, 'all', 147, 102),
(771, 'all', 147, 128),
(772, 'all', 147, 102),
(773, 'all', 147, 128),
(774, 'all', 147, 102),
(775, 'all', 147, 128),
(776, 'all', 147, 102),
(777, 'all', 147, 128),
(778, 'all', 147, 102),
(779, 'all', 147, 128),
(780, 'all', 147, 102),
(781, 'all', 147, 128),
(782, 'all', 147, 102),
(783, 'all', 147, 128),
(784, 'all', 147, 102),
(785, 'all', 147, 128),
(786, 'all', 147, 102),
(787, 'all', 147, 128),
(788, 'all', 147, 102),
(789, 'all', 147, 128),
(790, 'all', 147, 102),
(791, 'all', 147, 128),
(792, 'all', 147, 102),
(793, 'all', 147, 128),
(794, 'all', 147, 102),
(795, 'all', 147, 128),
(796, 'all', 147, 102),
(797, 'all', 147, 128),
(798, 'all', 147, 102),
(799, 'all', 147, 128),
(800, 'all', 147, 102),
(801, 'all', 147, 128),
(802, 'all', 147, 102),
(803, 'all', 147, 128),
(804, 'all', 147, 102),
(805, 'all', 148, 128),
(806, 'all', 148, 102),
(807, 'all', 148, 128),
(808, 'all', 148, 102),
(809, 'all', 148, 128),
(810, 'all', 148, 102),
(811, 'all', 148, 128),
(812, 'all', 148, 102),
(813, 'all', 148, 128),
(814, 'all', 148, 102),
(815, 'all', 148, 128),
(816, 'all', 148, 102),
(817, 'all', 148, 128),
(818, 'all', 148, 102),
(819, 'all', 148, 128),
(820, 'all', 148, 102),
(821, 'all', 148, 128),
(822, 'all', 148, 102),
(823, 'all', 148, 128),
(824, 'all', 148, 102),
(825, 'all', 148, 128),
(826, 'all', 148, 102),
(827, 'all', 148, 128),
(828, 'all', 148, 102),
(829, 'all', 148, 128),
(830, 'all', 148, 102),
(831, 'all', 148, 128),
(832, 'all', 148, 102),
(833, 'all', 148, 128),
(834, 'all', 148, 102),
(835, 'all', 148, 128),
(836, 'all', 148, 102),
(837, 'all', 148, 128),
(838, 'all', 148, 102),
(839, 'all', 148, 128),
(840, 'all', 148, 102),
(841, 'all', 148, 128),
(842, 'all', 148, 102),
(843, 'all', 148, 128),
(844, 'all', 148, 102),
(845, 'all', 148, 128),
(846, 'all', 148, 102),
(847, 'all', 148, 128),
(848, 'all', 148, 102),
(849, 'all', 148, 128),
(850, 'all', 148, 102),
(851, 'all', 148, 128),
(852, 'all', 148, 102),
(853, 'all', 148, 128),
(854, 'all', 148, 102),
(855, 'all', 148, 128),
(856, 'all', 148, 102),
(857, 'all', 148, 128),
(858, 'all', 148, 102),
(859, 'all', 148, 128),
(860, 'all', 148, 102),
(861, 'all', 148, 128),
(862, 'all', 148, 102),
(863, 'all', 148, 128),
(864, 'all', 148, 102),
(865, 'all', 148, 128),
(866, 'all', 148, 102),
(867, 'all', 148, 128),
(868, 'all', 148, 102),
(869, 'all', 148, 128),
(870, 'all', 148, 102),
(871, 'all', 148, 128),
(872, 'all', 148, 102),
(873, 'all', 148, 128),
(874, 'all', 148, 102),
(875, 'all', 148, 128),
(876, 'all', 148, 102),
(877, 'all', 148, 128),
(878, 'all', 148, 102),
(879, 'all', 148, 128),
(880, 'all', 148, 102),
(881, 'all', 148, 128),
(882, 'all', 148, 102),
(883, 'all', 148, 128),
(884, 'all', 148, 102),
(885, 'all', 149, 128),
(886, 'all', 149, 102),
(887, 'all', 149, 128),
(888, 'all', 149, 102),
(889, 'all', 149, 128),
(890, 'all', 149, 102),
(891, 'all', 149, 128),
(892, 'all', 149, 102),
(893, 'all', 149, 128),
(894, 'all', 149, 102),
(895, 'all', 149, 128),
(896, 'all', 149, 102),
(897, 'all', 149, 128),
(898, 'all', 149, 102),
(899, 'all', 149, 128),
(900, 'all', 149, 102),
(901, 'all', 149, 128),
(902, 'all', 149, 102),
(903, 'all', 149, 128),
(904, 'all', 149, 102),
(905, 'all', 149, 128),
(906, 'all', 149, 102),
(907, 'all', 149, 128),
(908, 'all', 149, 102),
(909, 'all', 149, 128),
(910, 'all', 149, 102),
(911, 'all', 149, 128),
(912, 'all', 149, 102),
(913, 'all', 149, 128),
(914, 'all', 149, 102),
(915, 'all', 149, 128),
(916, 'all', 149, 102),
(917, 'all', 149, 128),
(918, 'all', 149, 102),
(919, 'all', 149, 128),
(920, 'all', 149, 102),
(921, 'all', 149, 128),
(922, 'all', 149, 102),
(923, 'all', 149, 128),
(924, 'all', 149, 102),
(925, 'all', 149, 128),
(926, 'all', 149, 102),
(927, 'all', 149, 128),
(928, 'all', 149, 102),
(929, 'all', 149, 128),
(930, 'all', 149, 102),
(931, 'all', 149, 128),
(932, 'all', 149, 102),
(933, 'all', 149, 128),
(934, 'all', 149, 102),
(935, 'all', 149, 128),
(936, 'all', 149, 102),
(937, 'all', 149, 128),
(938, 'all', 149, 102),
(939, 'all', 149, 128),
(940, 'all', 149, 102),
(941, 'all', 149, 128),
(942, 'all', 149, 102),
(943, 'all', 149, 128),
(944, 'all', 149, 102),
(945, 'all', 149, 128),
(946, 'all', 149, 102),
(947, 'all', 149, 128),
(948, 'all', 149, 102),
(949, 'all', 149, 128),
(950, 'all', 149, 102),
(951, 'all', 149, 128),
(952, 'all', 149, 102),
(953, 'all', 149, 128),
(954, 'all', 149, 102),
(955, 'all', 149, 128),
(956, 'all', 149, 102),
(957, 'all', 149, 128),
(958, 'all', 149, 102),
(959, 'all', 149, 128),
(960, 'all', 149, 102),
(961, 'all', 149, 128),
(962, 'all', 149, 102),
(963, 'all', 149, 128),
(964, 'all', 149, 102),
(965, 'all', 150, 128),
(966, 'all', 150, 102),
(967, 'all', 150, 128),
(968, 'all', 150, 102),
(969, 'all', 150, 128),
(970, 'all', 150, 102),
(971, 'all', 150, 128),
(972, 'all', 150, 102),
(973, 'all', 150, 128),
(974, 'all', 150, 102),
(975, 'all', 150, 128),
(976, 'all', 150, 102),
(977, 'all', 150, 128),
(978, 'all', 150, 102),
(979, 'all', 150, 128),
(980, 'all', 150, 102),
(981, 'all', 150, 128),
(982, 'all', 150, 102),
(983, 'all', 150, 128),
(984, 'all', 150, 102),
(985, 'all', 150, 128),
(986, 'all', 150, 102),
(987, 'all', 150, 128),
(988, 'all', 150, 102),
(989, 'all', 150, 128),
(990, 'all', 150, 102),
(991, 'all', 150, 128),
(992, 'all', 150, 102),
(993, 'all', 150, 128),
(994, 'all', 150, 102),
(995, 'all', 150, 128),
(996, 'all', 150, 102),
(997, 'all', 150, 128),
(998, 'all', 150, 102),
(999, 'all', 150, 128),
(1000, 'all', 150, 102),
(1001, 'all', 150, 128),
(1002, 'all', 150, 102),
(1003, 'all', 150, 128),
(1004, 'all', 150, 102),
(1005, 'all', 150, 128),
(1006, 'all', 150, 102),
(1007, 'all', 150, 128),
(1008, 'all', 150, 102),
(1009, 'all', 150, 128),
(1010, 'all', 150, 102),
(1011, 'all', 150, 128),
(1012, 'all', 150, 102),
(1013, 'all', 150, 128),
(1014, 'all', 150, 102),
(1015, 'all', 150, 128),
(1016, 'all', 150, 102),
(1017, 'all', 150, 128),
(1018, 'all', 150, 102),
(1019, 'all', 150, 128),
(1020, 'all', 150, 102),
(1021, 'all', 150, 128),
(1022, 'all', 150, 102),
(1023, 'all', 150, 128),
(1024, 'all', 150, 102),
(1025, 'all', 150, 128),
(1026, 'all', 150, 102),
(1027, 'all', 150, 128),
(1028, 'all', 150, 102),
(1029, 'all', 150, 128),
(1030, 'all', 150, 102),
(1031, 'all', 150, 128),
(1032, 'all', 150, 102),
(1033, 'all', 150, 128),
(1034, 'all', 150, 102),
(1035, 'all', 150, 128),
(1036, 'all', 150, 102),
(1037, 'all', 150, 128),
(1038, 'all', 150, 102),
(1039, 'all', 150, 128),
(1040, 'all', 150, 102),
(1041, 'all', 150, 128),
(1042, 'all', 150, 102),
(1043, 'all', 150, 128),
(1044, 'all', 150, 102),
(1045, 'all', 151, 128),
(1046, 'all', 151, 102),
(1047, 'all', 151, 128),
(1048, 'all', 151, 102),
(1049, 'all', 151, 128),
(1050, 'all', 151, 102),
(1051, 'all', 151, 128),
(1052, 'all', 151, 102),
(1053, 'all', 151, 128),
(1054, 'all', 151, 102),
(1055, 'all', 151, 128),
(1056, 'all', 151, 102),
(1057, 'all', 151, 128),
(1058, 'all', 151, 102),
(1059, 'all', 151, 128),
(1060, 'all', 151, 102),
(1061, 'all', 151, 128),
(1062, 'all', 151, 102),
(1063, 'all', 151, 128),
(1064, 'all', 151, 102),
(1065, 'all', 151, 128),
(1066, 'all', 151, 102),
(1067, 'all', 151, 128),
(1068, 'all', 151, 102),
(1069, 'all', 151, 128),
(1070, 'all', 151, 102),
(1071, 'all', 151, 128),
(1072, 'all', 151, 102),
(1073, 'all', 151, 128),
(1074, 'all', 151, 102),
(1075, 'all', 151, 128),
(1076, 'all', 151, 102),
(1077, 'all', 151, 128),
(1078, 'all', 151, 102),
(1079, 'all', 151, 128),
(1080, 'all', 151, 102),
(1081, 'all', 151, 128),
(1082, 'all', 151, 102),
(1083, 'all', 151, 128),
(1084, 'all', 151, 102),
(1085, 'all', 151, 128),
(1086, 'all', 151, 102),
(1087, 'all', 151, 128),
(1088, 'all', 151, 102),
(1089, 'all', 151, 128),
(1090, 'all', 151, 102),
(1091, 'all', 151, 128),
(1092, 'all', 151, 102),
(1093, 'all', 151, 128),
(1094, 'all', 151, 102),
(1095, 'all', 151, 128),
(1096, 'all', 151, 102),
(1097, 'all', 151, 128),
(1098, 'all', 151, 102),
(1099, 'all', 151, 128),
(1100, 'all', 151, 102),
(1101, 'all', 151, 128),
(1102, 'all', 151, 102),
(1103, 'all', 151, 128),
(1104, 'all', 151, 102),
(1105, 'all', 151, 128),
(1106, 'all', 151, 102),
(1107, 'all', 151, 128),
(1108, 'all', 151, 102),
(1109, 'all', 151, 128),
(1110, 'all', 151, 102),
(1111, 'all', 151, 128),
(1112, 'all', 151, 102),
(1113, 'all', 151, 128),
(1114, 'all', 151, 102),
(1115, 'all', 151, 128),
(1116, 'all', 151, 102),
(1117, 'all', 151, 128),
(1118, 'all', 151, 102),
(1119, 'all', 151, 128),
(1120, 'all', 151, 102),
(1121, 'all', 151, 128),
(1122, 'all', 151, 102),
(1123, 'all', 151, 128),
(1124, 'all', 151, 102),
(1125, 'all', 152, 128),
(1126, 'all', 152, 102),
(1127, 'all', 152, 128),
(1128, 'all', 152, 102),
(1129, 'all', 152, 128),
(1130, 'all', 152, 102),
(1131, 'all', 152, 128),
(1132, 'all', 152, 102),
(1133, 'all', 152, 128),
(1134, 'all', 152, 102),
(1135, 'all', 152, 128),
(1136, 'all', 152, 102),
(1137, 'all', 152, 128),
(1138, 'all', 152, 102),
(1139, 'all', 152, 128),
(1140, 'all', 152, 102),
(1141, 'all', 152, 128),
(1142, 'all', 152, 102),
(1143, 'all', 152, 128),
(1144, 'all', 152, 102),
(1145, 'all', 152, 128),
(1146, 'all', 152, 102),
(1147, 'all', 152, 128),
(1148, 'all', 152, 102),
(1149, 'all', 152, 128),
(1150, 'all', 152, 102),
(1151, 'all', 152, 128),
(1152, 'all', 152, 102),
(1153, 'all', 152, 128),
(1154, 'all', 152, 102),
(1155, 'all', 152, 128),
(1156, 'all', 152, 102),
(1157, 'all', 152, 128),
(1158, 'all', 152, 102),
(1159, 'all', 152, 128),
(1160, 'all', 152, 102),
(1161, 'all', 152, 128),
(1162, 'all', 152, 102),
(1163, 'all', 152, 128),
(1164, 'all', 152, 102),
(1165, 'all', 152, 128),
(1166, 'all', 152, 102),
(1167, 'all', 152, 128),
(1168, 'all', 152, 102),
(1169, 'all', 152, 128),
(1170, 'all', 152, 102),
(1171, 'all', 152, 128),
(1172, 'all', 152, 102),
(1173, 'all', 152, 128),
(1174, 'all', 152, 102),
(1175, 'all', 152, 128),
(1176, 'all', 152, 102),
(1177, 'all', 152, 128),
(1178, 'all', 152, 102),
(1179, 'all', 152, 128),
(1180, 'all', 152, 102),
(1181, 'all', 152, 128),
(1182, 'all', 152, 102),
(1183, 'all', 152, 128),
(1184, 'all', 152, 102),
(1185, 'all', 152, 128),
(1186, 'all', 152, 102),
(1187, 'all', 152, 128),
(1188, 'all', 152, 102),
(1189, 'all', 152, 128),
(1190, 'all', 152, 102),
(1191, 'all', 152, 128),
(1192, 'all', 152, 102),
(1193, 'all', 152, 128),
(1194, 'all', 152, 102),
(1195, 'all', 152, 128),
(1196, 'all', 152, 102),
(1197, 'all', 152, 128),
(1198, 'all', 152, 102),
(1199, 'all', 152, 128),
(1200, 'all', 152, 102),
(1201, 'all', 152, 128),
(1202, 'all', 152, 102),
(1203, 'all', 152, 128),
(1204, 'all', 152, 102),
(1205, 'all', 153, 128),
(1206, 'all', 153, 102),
(1207, 'all', 153, 128),
(1208, 'all', 153, 102),
(1209, 'all', 153, 128),
(1210, 'all', 153, 102),
(1211, 'all', 153, 128),
(1212, 'all', 153, 102),
(1213, 'all', 153, 128),
(1214, 'all', 153, 102),
(1215, 'all', 153, 128),
(1216, 'all', 153, 102),
(1217, 'all', 153, 128),
(1218, 'all', 153, 102),
(1219, 'all', 153, 128),
(1220, 'all', 153, 102),
(1221, 'all', 153, 128),
(1222, 'all', 153, 102),
(1223, 'all', 153, 128),
(1224, 'all', 153, 102),
(1225, 'all', 153, 128),
(1226, 'all', 153, 102),
(1227, 'all', 153, 128),
(1228, 'all', 153, 102),
(1229, 'all', 153, 128),
(1230, 'all', 153, 102),
(1231, 'all', 153, 128),
(1232, 'all', 153, 102),
(1233, 'all', 153, 128),
(1234, 'all', 153, 102),
(1235, 'all', 153, 128),
(1236, 'all', 153, 102),
(1237, 'all', 153, 128),
(1238, 'all', 153, 102),
(1239, 'all', 153, 128),
(1240, 'all', 153, 102),
(1241, 'all', 153, 128),
(1242, 'all', 153, 102),
(1243, 'all', 153, 128),
(1244, 'all', 153, 102),
(1245, 'all', 153, 128),
(1246, 'all', 153, 102),
(1247, 'all', 153, 128),
(1248, 'all', 153, 102),
(1249, 'all', 153, 128),
(1250, 'all', 153, 102),
(1251, 'all', 153, 128),
(1252, 'all', 153, 102),
(1253, 'all', 153, 128),
(1254, 'all', 153, 102),
(1255, 'all', 153, 128),
(1256, 'all', 153, 102),
(1257, 'all', 153, 128),
(1258, 'all', 153, 102),
(1259, 'all', 153, 128),
(1260, 'all', 153, 102),
(1261, 'all', 153, 128),
(1262, 'all', 153, 102),
(1263, 'all', 153, 128),
(1264, 'all', 153, 102),
(1265, 'all', 153, 128),
(1266, 'all', 153, 102),
(1267, 'all', 153, 128),
(1268, 'all', 153, 102),
(1269, 'all', 153, 128),
(1270, 'all', 153, 102),
(1271, 'all', 153, 128),
(1272, 'all', 153, 102),
(1273, 'all', 153, 128),
(1274, 'all', 153, 102),
(1275, 'all', 153, 128),
(1276, 'all', 153, 102),
(1277, 'all', 153, 128),
(1278, 'all', 153, 102),
(1279, 'all', 153, 128),
(1280, 'all', 153, 102),
(1281, 'all', 153, 128),
(1282, 'all', 153, 102),
(1283, 'all', 153, 128),
(1284, 'all', 153, 102),
(1285, 'all', 154, 128),
(1286, 'all', 154, 102),
(1287, 'all', 154, 128),
(1288, 'all', 154, 102),
(1289, 'all', 154, 128),
(1290, 'all', 154, 102),
(1291, 'all', 154, 128),
(1292, 'all', 154, 102),
(1293, 'all', 154, 128),
(1294, 'all', 154, 102),
(1295, 'all', 154, 128),
(1296, 'all', 154, 102),
(1297, 'all', 154, 128),
(1298, 'all', 154, 102),
(1299, 'all', 154, 128),
(1300, 'all', 154, 102),
(1301, 'all', 154, 128),
(1302, 'all', 154, 102),
(1303, 'all', 154, 128),
(1304, 'all', 154, 102),
(1305, 'all', 154, 128),
(1306, 'all', 154, 102),
(1307, 'all', 154, 128),
(1308, 'all', 154, 102),
(1309, 'all', 154, 128),
(1310, 'all', 154, 102),
(1311, 'all', 154, 128),
(1312, 'all', 154, 102),
(1313, 'all', 154, 128),
(1314, 'all', 154, 102),
(1315, 'all', 154, 128),
(1316, 'all', 154, 102),
(1317, 'all', 154, 128),
(1318, 'all', 154, 102),
(1319, 'all', 154, 128),
(1320, 'all', 154, 102),
(1321, 'all', 154, 128),
(1322, 'all', 154, 102),
(1323, 'all', 154, 128),
(1324, 'all', 154, 102),
(1325, 'all', 154, 128),
(1326, 'all', 154, 102),
(1327, 'all', 154, 128),
(1328, 'all', 154, 102),
(1329, 'all', 154, 128),
(1330, 'all', 154, 102),
(1331, 'all', 154, 128),
(1332, 'all', 154, 102),
(1333, 'all', 154, 128),
(1334, 'all', 154, 102),
(1335, 'all', 154, 128),
(1336, 'all', 154, 102),
(1337, 'all', 154, 128),
(1338, 'all', 154, 102),
(1339, 'all', 154, 128),
(1340, 'all', 154, 102),
(1341, 'all', 154, 128),
(1342, 'all', 154, 102),
(1343, 'all', 154, 128),
(1344, 'all', 154, 102),
(1345, 'all', 154, 128),
(1346, 'all', 154, 102),
(1347, 'all', 154, 128),
(1348, 'all', 154, 102),
(1349, 'all', 154, 128),
(1350, 'all', 154, 102),
(1351, 'all', 154, 128),
(1352, 'all', 154, 102),
(1353, 'all', 154, 128),
(1354, 'all', 154, 102),
(1355, 'all', 154, 128),
(1356, 'all', 154, 102),
(1357, 'all', 154, 128),
(1358, 'all', 154, 102),
(1359, 'all', 154, 128),
(1360, 'all', 154, 102),
(1361, 'all', 154, 128),
(1362, 'all', 154, 102),
(1363, 'all', 154, 128),
(1364, 'all', 154, 102),
(1365, 'all', 155, 128),
(1366, 'all', 155, 102),
(1367, 'all', 155, 128),
(1368, 'all', 155, 102),
(1369, 'all', 155, 128),
(1370, 'all', 155, 102),
(1371, 'all', 155, 128),
(1372, 'all', 155, 102),
(1373, 'all', 155, 128),
(1374, 'all', 155, 102),
(1375, 'all', 155, 128),
(1376, 'all', 155, 102),
(1377, 'all', 155, 128),
(1378, 'all', 155, 102),
(1379, 'all', 155, 128),
(1380, 'all', 155, 102),
(1381, 'all', 155, 128),
(1382, 'all', 155, 102),
(1383, 'all', 155, 128),
(1384, 'all', 155, 102),
(1385, 'all', 155, 128),
(1386, 'all', 155, 102),
(1387, 'all', 155, 128),
(1388, 'all', 155, 102),
(1389, 'all', 155, 128),
(1390, 'all', 155, 102),
(1391, 'all', 155, 128),
(1392, 'all', 155, 102),
(1393, 'all', 155, 128),
(1394, 'all', 155, 102),
(1395, 'all', 155, 128),
(1396, 'all', 155, 102),
(1397, 'all', 155, 128),
(1398, 'all', 155, 102),
(1399, 'all', 155, 128),
(1400, 'all', 155, 102),
(1401, 'all', 155, 128),
(1402, 'all', 155, 102),
(1403, 'all', 155, 128),
(1404, 'all', 155, 102),
(1405, 'all', 155, 128),
(1406, 'all', 155, 102),
(1407, 'all', 155, 128),
(1408, 'all', 155, 102),
(1409, 'all', 155, 128),
(1410, 'all', 155, 102),
(1411, 'all', 155, 128),
(1412, 'all', 155, 102),
(1413, 'all', 155, 128),
(1414, 'all', 155, 102),
(1415, 'all', 155, 128),
(1416, 'all', 155, 102),
(1417, 'all', 155, 128),
(1418, 'all', 155, 102),
(1419, 'all', 155, 128),
(1420, 'all', 155, 102),
(1421, 'all', 155, 128),
(1422, 'all', 155, 102),
(1423, 'all', 155, 128),
(1424, 'all', 155, 102),
(1425, 'all', 155, 128),
(1426, 'all', 155, 102),
(1427, 'all', 155, 128),
(1428, 'all', 155, 102),
(1429, 'all', 155, 128),
(1430, 'all', 155, 102),
(1431, 'all', 155, 128),
(1432, 'all', 155, 102),
(1433, 'all', 155, 128),
(1434, 'all', 155, 102),
(1435, 'all', 155, 128),
(1436, 'all', 155, 102),
(1437, 'all', 155, 128),
(1438, 'all', 155, 102),
(1439, 'all', 155, 128),
(1440, 'all', 155, 102),
(1441, 'all', 155, 128),
(1442, 'all', 155, 102),
(1443, 'all', 155, 128),
(1444, 'all', 155, 102),
(1445, 'all', 156, 128),
(1446, 'all', 156, 102),
(1447, 'all', 156, 128),
(1448, 'all', 156, 102),
(1449, 'all', 156, 128),
(1450, 'all', 156, 102),
(1451, 'all', 156, 128),
(1452, 'all', 156, 102),
(1453, 'all', 156, 128),
(1454, 'all', 156, 102),
(1455, 'all', 156, 128),
(1456, 'all', 156, 102),
(1457, 'all', 156, 128),
(1458, 'all', 156, 102),
(1459, 'all', 156, 128),
(1460, 'all', 156, 102),
(1461, 'all', 156, 128),
(1462, 'all', 156, 102),
(1463, 'all', 156, 128),
(1464, 'all', 156, 102),
(1465, 'all', 156, 128),
(1466, 'all', 156, 102),
(1467, 'all', 156, 128),
(1468, 'all', 156, 102),
(1469, 'all', 156, 128),
(1470, 'all', 156, 102),
(1471, 'all', 156, 128),
(1472, 'all', 156, 102),
(1473, 'all', 156, 128),
(1474, 'all', 156, 102),
(1475, 'all', 156, 128),
(1476, 'all', 156, 102),
(1477, 'all', 156, 128),
(1478, 'all', 156, 102),
(1479, 'all', 156, 128),
(1480, 'all', 156, 102),
(1481, 'all', 156, 128),
(1482, 'all', 156, 102),
(1483, 'all', 156, 128),
(1484, 'all', 156, 102),
(1485, 'all', 156, 128),
(1486, 'all', 156, 102),
(1487, 'all', 156, 128),
(1488, 'all', 156, 102),
(1489, 'all', 156, 128),
(1490, 'all', 156, 102),
(1491, 'all', 156, 128),
(1492, 'all', 156, 102),
(1493, 'all', 156, 128),
(1494, 'all', 156, 102),
(1495, 'all', 156, 128),
(1496, 'all', 156, 102),
(1497, 'all', 156, 128),
(1498, 'all', 156, 102),
(1499, 'all', 156, 128),
(1500, 'all', 156, 102),
(1501, 'all', 156, 128),
(1502, 'all', 156, 102),
(1503, 'all', 156, 128),
(1504, 'all', 156, 102),
(1505, 'all', 156, 128),
(1506, 'all', 156, 102),
(1507, 'all', 156, 128),
(1508, 'all', 156, 102),
(1509, 'all', 156, 128),
(1510, 'all', 156, 102),
(1511, 'all', 156, 128),
(1512, 'all', 156, 102),
(1513, 'all', 156, 128),
(1514, 'all', 156, 102),
(1515, 'all', 156, 128),
(1516, 'all', 156, 102),
(1517, 'all', 156, 128),
(1518, 'all', 156, 102),
(1519, 'all', 156, 128),
(1520, 'all', 156, 102),
(1521, 'all', 156, 128),
(1522, 'all', 156, 102),
(1523, 'all', 156, 128),
(1524, 'all', 156, 102),
(1525, 'all', 157, 128),
(1526, 'all', 157, 102),
(1527, 'all', 157, 128),
(1528, 'all', 157, 102),
(1529, 'all', 157, 128),
(1530, 'all', 157, 102),
(1531, 'all', 157, 128),
(1532, 'all', 157, 102),
(1533, 'all', 157, 128),
(1534, 'all', 157, 102),
(1535, 'all', 157, 128),
(1536, 'all', 157, 102),
(1537, 'all', 157, 128),
(1538, 'all', 157, 102),
(1539, 'all', 157, 128),
(1540, 'all', 157, 102),
(1541, 'all', 157, 128),
(1542, 'all', 157, 102),
(1543, 'all', 157, 128),
(1544, 'all', 157, 102),
(1545, 'all', 157, 128),
(1546, 'all', 157, 102),
(1547, 'all', 157, 128),
(1548, 'all', 157, 102),
(1549, 'all', 157, 128),
(1550, 'all', 157, 102),
(1551, 'all', 157, 128),
(1552, 'all', 157, 102),
(1553, 'all', 157, 128),
(1554, 'all', 157, 102),
(1555, 'all', 157, 128),
(1556, 'all', 157, 102),
(1557, 'all', 157, 128),
(1558, 'all', 157, 102),
(1559, 'all', 157, 128),
(1560, 'all', 157, 102),
(1561, 'all', 157, 128),
(1562, 'all', 157, 102),
(1563, 'all', 157, 128),
(1564, 'all', 157, 102),
(1565, 'all', 157, 128),
(1566, 'all', 157, 102),
(1567, 'all', 157, 128),
(1568, 'all', 157, 102),
(1569, 'all', 157, 128),
(1570, 'all', 157, 102),
(1571, 'all', 157, 128),
(1572, 'all', 157, 102),
(1573, 'all', 157, 128),
(1574, 'all', 157, 102),
(1575, 'all', 157, 128),
(1576, 'all', 157, 102),
(1577, 'all', 157, 128),
(1578, 'all', 157, 102),
(1579, 'all', 157, 128),
(1580, 'all', 157, 102),
(1581, 'all', 157, 128),
(1582, 'all', 157, 102),
(1583, 'all', 157, 128),
(1584, 'all', 157, 102),
(1585, 'all', 157, 128),
(1586, 'all', 157, 102),
(1587, 'all', 157, 128),
(1588, 'all', 157, 102),
(1589, 'all', 157, 128),
(1590, 'all', 157, 102),
(1591, 'all', 157, 128),
(1592, 'all', 157, 102),
(1593, 'all', 157, 128),
(1594, 'all', 157, 102),
(1595, 'all', 157, 128),
(1596, 'all', 157, 102),
(1597, 'all', 157, 128),
(1598, 'all', 157, 102),
(1599, 'all', 157, 128),
(1600, 'all', 157, 102),
(1601, 'all', 157, 128),
(1602, 'all', 157, 102),
(1603, 'all', 157, 128),
(1604, 'all', 157, 102),
(1605, 'all', 160, 99),
(1606, 'all', 160, 109),
(1607, 'all', 160, 100),
(1608, 'all', 160, 102);

-- --------------------------------------------------------

--
-- Table structure for table `colleges`
--

CREATE TABLE `colleges` (
  `id` int(11) NOT NULL,
  `name` varchar(45) DEFAULT NULL
) ENGINE=InnoDB DEFAULT CHARSET=utf8;

--
-- Dumping data for table `colleges`
--

INSERT INTO `colleges` (`id`, `name`) VALUES
(1, 'none'),
(2, 'ICT'),
(3, 'Bouw'),
(4, 'zorg en welzijn'),
(5, 'techniek'),
(15, 'test'),
(16, 'potatoaosotoas'),
(17, 'sjssssasdf');

-- --------------------------------------------------------

--
-- Table structure for table `courses`
--

CREATE TABLE `courses` (
  `id` int(11) NOT NULL,
  `name` varchar(45) DEFAULT NULL,
  `colleges_id` int(11) NOT NULL
) ENGINE=InnoDB DEFAULT CHARSET=utf8;

--
-- Dumping data for table `courses`
--

INSERT INTO `courses` (`id`, `name`, `colleges_id`) VALUES
(1, 'none', 1),
(2, 'Beheer', 2),
(3, 'Bouw 1', 3),
(4, 'Applicatieontwikkeling', 2),
(5, 'Bouw 2', 3),
(6, 'zorg', 4),
(7, 'welzijn', 4),
(8, 'techniek1', 5),
(9, 'techniek2', 5),
(10, 'techniek3', 5),
(11, 'adfbv', 17);

-- --------------------------------------------------------

--
-- Table structure for table `mergedfiles`
--

CREATE TABLE `mergedfiles` (
  `id` int(11) NOT NULL,
  `name` varchar(200) DEFAULT NULL,
  `users_id` int(11) NOT NULL,
  `courses_id` int(11) NOT NULL
) ENGINE=InnoDB DEFAULT CHARSET=utf8;

--
-- Dumping data for table `mergedfiles`
--

INSERT INTO `mergedfiles` (`id`, `name`, `users_id`, `courses_id`) VALUES
(10, 'ict', 2, 2),
(11, '123', 1, 1),
(12, 'unnamed351134601', 2, 2),
(13, 'unnamed351134602', 2, 2),
(14, 'unnamed351134604', 2, 2),
(15, 'unnamed351134605', 2, 2),
(16, 'unnamed351134606', 2, 2),
(17, 'unnamed351134607', 2, 2),
(19, 'unnamed351134609', 2, 2),
(20, 'unnamed351134610', 2, 2),
(21, 'unnamed351134611', 2, 2),
(22, 'unnamed351134613', 2, 2),
(23, 'unnamed351134615', 2, 2),
(24, 'unnamed351134618', 2, 2),
(25, 'unnamed351134620', 2, 2),
(26, 'unnamed351134623', 2, 2),
(27, 'unnamed351134625', 2, 2),
(28, 'unnamed351134627', 2, 2),
(29, 'unnamed351134630', 2, 2),
(30, 'unnamed351134632', 2, 2),
(31, 'unnamed351134635', 2, 2),
(32, 'unnamed351134637', 2, 2),
(33, 'unnamed351134639', 2, 2),
(34, 'unnamed351134642', 2, 2),
(35, 'unnamed351134644', 2, 2),
(36, 'unnamed351134646', 2, 2),
(37, 'unnamed351134649', 2, 2),
(38, 'weruik', 1, 1);

-- --------------------------------------------------------

--
-- Table structure for table `permissions`
--

CREATE TABLE `permissions` (
  `id` int(11) NOT NULL,
  `read` tinyint(4) DEFAULT '0',
  `edit` tinyint(4) DEFAULT '0',
  `users_id` int(11) NOT NULL,
  `colleges_id` int(11) NOT NULL
) ENGINE=InnoDB DEFAULT CHARSET=utf8;

--
-- Dumping data for table `permissions`
--

INSERT INTO `permissions` (`id`, `read`, `edit`, `users_id`, `colleges_id`) VALUES
(33, 1, 0, 3, 4),
(34, 1, 0, 3, 2),
(35, 1, 0, 3, 5),
(36, 1, 1, 3, 3),
(37, 0, 0, 11, 2),
(38, 0, 0, 11, 3),
(39, 1, 0, 11, 4),
(40, 0, 0, 11, 5),
(41, 1, 0, 2, 4),
(42, 1, 1, 2, 2),
(43, 1, 0, 2, 5),
(44, 1, 0, 2, 3),
(45, 1, 0, 2, 1);

-- --------------------------------------------------------

--
-- Table structure for table `sourcefiles`
--

CREATE TABLE `sourcefiles` (
  `id` int(11) NOT NULL,
  `name` varchar(400) DEFAULT NULL,
  `extension` varchar(10) DEFAULT NULL,
  `users_id` int(11) NOT NULL,
  `colleges_id` int(11) DEFAULT NULL,
  `courses_id` int(11) DEFAULT NULL
) ENGINE=InnoDB DEFAULT CHARSET=utf8;

--
-- Dumping data for table `sourcefiles`
--

INSERT INTO `sourcefiles` (`id`, `name`, `extension`, `users_id`, `colleges_id`, `courses_id`) VALUES
(62, 'Bouw Opleiding 1 Deel 1', 'docx', 3, 3, 3),
(63, 'Bouw Opleiding 2 Deel 1', 'docx', 3, 3, 5),
(64, 'Bouw', 'xlsx', 3, 3, 3),
(65, 'ICT Applicatie Deel 1', 'docx', 2, 2, 4),
(69, 'ICT', 'xlsx', 2, 2, 4),
(70, 'verslag3', 'docx', 1, 1, 1),
(72, 'ASSIGNMENT - workbreakdownstructure(WBS)- AO - 2017 - ict college', 'xlsx', 2, 5, 10);

-- --------------------------------------------------------

--
-- Table structure for table `users`
--

CREATE TABLE `users` (
  `id` int(11) NOT NULL,
  `username` varchar(200) DEFAULT NULL,
  `password` varchar(400) DEFAULT NULL,
  `confirm` tinyint(4) DEFAULT '0',
  `newcollege` tinyint(4) DEFAULT '0',
  `verified` tinyint(4) DEFAULT '0',
  `admin` tinyint(4) DEFAULT '0',
  `colleges_id` int(11) DEFAULT '1',
  `courses_id` int(11) DEFAULT '1'
) ENGINE=InnoDB DEFAULT CHARSET=utf8;

--
-- Dumping data for table `users`
--

INSERT INTO `users` (`id`, `username`, `password`, `confirm`, `newcollege`, `verified`, `admin`, `colleges_id`, `courses_id`) VALUES
(1, 'admin', '$2y$10$flaaac3eoz86G5q0z/./M.2aD./x/kwmdfXuWje9x9tCBCNAsFF4C', 1, 1, 1, 1, 1, 1),
(2, 'ictuser', '$2y$10$flaaac3eoz86G5q0z/./M.2aD./x/kwmdfXuWje9x9tCBCNAsFF4C', 1, 0, 1, 0, 2, 2),
(3, 'bouwuser', '$2y$10$flaaac3eoz86G5q0z/./M.2aD./x/kwmdfXuWje9x9tCBCNAsFF4C', 0, 0, 1, 0, 3, 5),
(6, '1234567890', '$2y$10$cMIfShs9t6bxuycWz15W8uZOlmSNW3ux53gFj54u4nNyeo7AtFe7q', 0, 0, 1, 0, 5, 10),
(7, '123456', '$2y$10$pxV948gOuBRFLOC8pz2zGeVarNqVQRJuKq8tEtvO36wWkZxI/Fuzm', 0, 0, 1, 0, 3, 3),
(8, 'techniekuser', '$2y$10$flaaac3eoz86G5q0z/./M.2aD./x/kwmdfXuWje9x9tCBCNAsFF4C', 0, 0, 1, 0, 5, 8),
(9, 'zorguser', '$2y$10$flaaac3eoz86G5q0z/./M.2aD./x/kwmdfXuWje9x9tCBCNAsFF4C', 0, 0, 1, 0, 4, 6),
(10, 'bary', '$2y$10$zDI/QOz0VZfNy4wr8teV3.Wggr7u/WyV0yJppBRwlpIuFgh25dr7y', 0, 0, 1, 0, 2, 4),
(11, 'henk', '$2y$10$ME7nWqMNeBa2OplOpf9LV.mOptv9VSfywZf8enb1kkjUZA9ibugku', 0, 0, 1, 0, 5, 10);

-- --------------------------------------------------------

--
-- Table structure for table `versions`
--

CREATE TABLE `versions` (
  `id` int(11) NOT NULL,
  `version` int(11) DEFAULT NULL,
  `filedate` varchar(20) DEFAULT NULL,
  `mergedfiles_id` int(11) DEFAULT NULL,
  `sourcefiles_id` int(11) DEFAULT NULL
) ENGINE=InnoDB DEFAULT CHARSET=utf8;

--
-- Dumping data for table `versions`
--

INSERT INTO `versions` (`id`, `version`, `filedate`, `mergedfiles_id`, `sourcefiles_id`) VALUES
(99, 0, '13-12-2018 10:20:01', NULL, 62),
(100, 0, '13-12-2018 10:20:01', NULL, 63),
(101, 0, '13-12-2018 10:20:02', NULL, 64),
(102, 0, '13-12-2018 10:20:02', NULL, 65),
(106, 0, '13-12-2018 10:20:03', NULL, 69),
(107, 1, '13-12-2018 10:20:31', NULL, 64),
(108, 2, '13-12-2018 10:20:45', NULL, 64),
(109, 3, '13-12-2018 10:20:48', NULL, 64),
(122, 0, '14-12-2018 08:57:16', 10, NULL),
(123, 1, '14-12-2018 08:57:20', 10, NULL),
(124, 2, '14-12-2018 08:57:23', 10, NULL),
(125, 3, '14-12-2018 08:57:29', 10, NULL),
(126, 4, '14-12-2018 08:57:32', 10, NULL),
(127, 5, '14-12-2018 08:57:39', 10, NULL),
(128, 0, '14-12-2018 09:02:02', NULL, 70),
(129, 0, '14-12-2018 09:05:15', 11, NULL),
(130, 0, '18-12-2018 13:46:01', 12, NULL),
(131, 0, '18-12-2018 13:46:02', 13, NULL),
(132, 0, '18-12-2018 13:46:04', 14, NULL),
(133, 1, '18-12-2018 13:46:04', 14, NULL),
(134, 0, '18-12-2018 13:46:05', 15, NULL),
(135, 0, '18-12-2018 13:46:06', 16, NULL),
(136, 1, '18-12-2018 13:46:06', 16, NULL),
(137, 0, '18-12-2018 13:46:07', 17, NULL),
(139, 0, '18-12-2018 13:46:09', 19, NULL),
(140, 0, '18-12-2018 13:46:10', 20, NULL),
(141, 0, '18-12-2018 13:46:11', 21, NULL),
(142, 0, '18-12-2018 13:46:13', 22, NULL),
(143, 0, '18-12-2018 13:46:15', 23, NULL),
(144, 0, '18-12-2018 13:46:18', 24, NULL),
(145, 0, '18-12-2018 13:46:20', 25, NULL),
(146, 0, '18-12-2018 13:46:23', 26, NULL),
(147, 0, '18-12-2018 13:46:25', 27, NULL),
(148, 0, '18-12-2018 13:46:27', 28, NULL),
(149, 0, '18-12-2018 13:46:30', 29, NULL),
(150, 0, '18-12-2018 13:46:32', 30, NULL),
(151, 0, '18-12-2018 13:46:35', 31, NULL),
(152, 0, '18-12-2018 13:46:37', 32, NULL),
(153, 0, '18-12-2018 13:46:39', 33, NULL),
(154, 0, '18-12-2018 13:46:42', 34, NULL),
(155, 0, '18-12-2018 13:46:44', 35, NULL),
(156, 0, '18-12-2018 13:46:46', 36, NULL),
(157, 0, '18-12-2018 13:46:49', 37, NULL),
(159, 0, '20-12-2018 07:57:49', NULL, 72),
(160, 0, '07-01-2019 10:26:45', 38, NULL);

--
-- Indexes for dumped tables
--

--
-- Indexes for table `attached-files`
--
ALTER TABLE `attached-files`
  ADD PRIMARY KEY (`id`),
  ADD KEY `fk_attached-files_versions1_idx` (`versions_id`),
  ADD KEY `fk_attached-files_versions2_idx` (`sourcev_id`);

--
-- Indexes for table `colleges`
--
ALTER TABLE `colleges`
  ADD PRIMARY KEY (`id`);

--
-- Indexes for table `courses`
--
ALTER TABLE `courses`
  ADD PRIMARY KEY (`id`),
  ADD KEY `fk_courses_colleges_idx` (`colleges_id`);

--
-- Indexes for table `mergedfiles`
--
ALTER TABLE `mergedfiles`
  ADD PRIMARY KEY (`id`),
  ADD KEY `fk_mergedfiles_users1_idx` (`users_id`),
  ADD KEY `fk_mergedfiles_courses1_idx` (`courses_id`);

--
-- Indexes for table `permissions`
--
ALTER TABLE `permissions`
  ADD PRIMARY KEY (`id`),
  ADD KEY `fk_permissions_users1_idx` (`users_id`),
  ADD KEY `fk_permissions_colleges1_idx` (`colleges_id`);

--
-- Indexes for table `sourcefiles`
--
ALTER TABLE `sourcefiles`
  ADD PRIMARY KEY (`id`),
  ADD KEY `fk_sourcefiles_users1_idx` (`users_id`),
  ADD KEY `fk_sourcefiles_colleges1_idx` (`colleges_id`),
  ADD KEY `fk_sourcefiles_courses1_idx` (`courses_id`);

--
-- Indexes for table `users`
--
ALTER TABLE `users`
  ADD PRIMARY KEY (`id`),
  ADD KEY `fk_users_colleges1_idx` (`colleges_id`),
  ADD KEY `fk_users_courses1_idx` (`courses_id`);

--
-- Indexes for table `versions`
--
ALTER TABLE `versions`
  ADD PRIMARY KEY (`id`),
  ADD KEY `fk_versions_mergedfiles1_idx` (`mergedfiles_id`),
  ADD KEY `fk_versions_sourcefiles1_idx` (`sourcefiles_id`);

--
-- AUTO_INCREMENT for dumped tables
--

--
-- AUTO_INCREMENT for table `attached-files`
--
ALTER TABLE `attached-files`
  MODIFY `id` int(11) NOT NULL AUTO_INCREMENT, AUTO_INCREMENT=1609;
--
-- AUTO_INCREMENT for table `colleges`
--
ALTER TABLE `colleges`
  MODIFY `id` int(11) NOT NULL AUTO_INCREMENT, AUTO_INCREMENT=18;
--
-- AUTO_INCREMENT for table `courses`
--
ALTER TABLE `courses`
  MODIFY `id` int(11) NOT NULL AUTO_INCREMENT, AUTO_INCREMENT=12;
--
-- AUTO_INCREMENT for table `mergedfiles`
--
ALTER TABLE `mergedfiles`
  MODIFY `id` int(11) NOT NULL AUTO_INCREMENT, AUTO_INCREMENT=39;
--
-- AUTO_INCREMENT for table `permissions`
--
ALTER TABLE `permissions`
  MODIFY `id` int(11) NOT NULL AUTO_INCREMENT, AUTO_INCREMENT=46;
--
-- AUTO_INCREMENT for table `sourcefiles`
--
ALTER TABLE `sourcefiles`
  MODIFY `id` int(11) NOT NULL AUTO_INCREMENT, AUTO_INCREMENT=73;
--
-- AUTO_INCREMENT for table `users`
--
ALTER TABLE `users`
  MODIFY `id` int(11) NOT NULL AUTO_INCREMENT, AUTO_INCREMENT=12;
--
-- AUTO_INCREMENT for table `versions`
--
ALTER TABLE `versions`
  MODIFY `id` int(11) NOT NULL AUTO_INCREMENT, AUTO_INCREMENT=161;
--
-- Constraints for dumped tables
--

--
-- Constraints for table `attached-files`
--
ALTER TABLE `attached-files`
  ADD CONSTRAINT `fk_attached-files_versions1` FOREIGN KEY (`versions_id`) REFERENCES `versions` (`id`) ON DELETE NO ACTION ON UPDATE NO ACTION,
  ADD CONSTRAINT `fk_attached-files_versions2` FOREIGN KEY (`sourcev_id`) REFERENCES `versions` (`id`) ON DELETE NO ACTION ON UPDATE NO ACTION;

--
-- Constraints for table `courses`
--
ALTER TABLE `courses`
  ADD CONSTRAINT `fk_courses_colleges` FOREIGN KEY (`colleges_id`) REFERENCES `colleges` (`id`) ON DELETE NO ACTION ON UPDATE NO ACTION;

--
-- Constraints for table `mergedfiles`
--
ALTER TABLE `mergedfiles`
  ADD CONSTRAINT `fk_mergedfiles_courses1` FOREIGN KEY (`courses_id`) REFERENCES `courses` (`id`) ON DELETE NO ACTION ON UPDATE NO ACTION,
  ADD CONSTRAINT `fk_mergedfiles_users1` FOREIGN KEY (`users_id`) REFERENCES `users` (`id`) ON DELETE NO ACTION ON UPDATE NO ACTION;

--
-- Constraints for table `permissions`
--
ALTER TABLE `permissions`
  ADD CONSTRAINT `fk_permissions_colleges1` FOREIGN KEY (`colleges_id`) REFERENCES `colleges` (`id`) ON DELETE NO ACTION ON UPDATE NO ACTION,
  ADD CONSTRAINT `fk_permissions_users1` FOREIGN KEY (`users_id`) REFERENCES `users` (`id`) ON DELETE NO ACTION ON UPDATE NO ACTION;

--
-- Constraints for table `sourcefiles`
--
ALTER TABLE `sourcefiles`
  ADD CONSTRAINT `fk_sourcefiles_colleges1` FOREIGN KEY (`colleges_id`) REFERENCES `colleges` (`id`) ON DELETE NO ACTION ON UPDATE NO ACTION,
  ADD CONSTRAINT `fk_sourcefiles_courses1` FOREIGN KEY (`courses_id`) REFERENCES `courses` (`id`) ON DELETE NO ACTION ON UPDATE NO ACTION,
  ADD CONSTRAINT `fk_sourcefiles_users1` FOREIGN KEY (`users_id`) REFERENCES `users` (`id`) ON DELETE NO ACTION ON UPDATE NO ACTION;

--
-- Constraints for table `users`
--
ALTER TABLE `users`
  ADD CONSTRAINT `fk_users_colleges1` FOREIGN KEY (`colleges_id`) REFERENCES `colleges` (`id`) ON DELETE NO ACTION ON UPDATE NO ACTION,
  ADD CONSTRAINT `fk_users_courses1` FOREIGN KEY (`courses_id`) REFERENCES `courses` (`id`) ON DELETE NO ACTION ON UPDATE NO ACTION;

--
-- Constraints for table `versions`
--
ALTER TABLE `versions`
  ADD CONSTRAINT `fk_versions_mergedfiles1` FOREIGN KEY (`mergedfiles_id`) REFERENCES `mergedfiles` (`id`) ON DELETE NO ACTION ON UPDATE NO ACTION,
  ADD CONSTRAINT `fk_versions_sourcefiles1` FOREIGN KEY (`sourcefiles_id`) REFERENCES `sourcefiles` (`id`) ON DELETE NO ACTION ON UPDATE NO ACTION;
COMMIT;

/*!40101 SET CHARACTER_SET_CLIENT=@OLD_CHARACTER_SET_CLIENT */;
/*!40101 SET CHARACTER_SET_RESULTS=@OLD_CHARACTER_SET_RESULTS */;
/*!40101 SET COLLATION_CONNECTION=@OLD_COLLATION_CONNECTION */;
